,zip,city,state,score
13399,30002,Avondale Estates,GA,0.05234581281591683
13401,30004,Alpharetta,GA,0.12278003991157325
13402,30005,Alpharetta,GA,-0.08106118042659956
13405,30008,Marietta,GA,0.14409039255690984
13406,30009,Alpharetta,GA,0.09446324052398877
13408,30011,Auburn,GA,0.1325535816813049
13409,30012,Conyers,GA,0.12005696339547109
13410,30013,Conyers,GA,0.2491851333930812
13411,30014,Covington,GA,0.23856510282308654
13413,30016,Covington,GA,0.39036450796439026
13414,30017,Grayson,GA,0.1929619988618032
13416,30019,Dacula,GA,0.4215469303817889
13417,30021,Clarkston,GA,0.0875232801786461
13418,30022,Alpharetta,GA,0.20933974622692242
13420,30024,Suwanee,GA,0.23556491282039804
13421,30025,Social Circle,GA,0.07733533139302144
13423,30028,Cumming,GA,0.2071097349883492
13425,30030,Decatur,GA,0.10203348464181157
13427,30032,Decatur,GA,0.22556109680050188
13428,30033,Decatur,GA,0.22944745503674494
13429,30034,Decatur,GA,0.2829302546692955
13430,30035,Decatur,GA,0.13534665849763997
13433,30038,Lithonia,GA,0.2643520204830615
13434,30039,Snellville,GA,0.34201074754735017
13435,30040,Cumming,GA,0.37630823134372954
13436,30041,Cumming,GA,0.22341396431260085
13438,30043,Lawrenceville,GA,0.8560076306551352
13439,30044,Lawrenceville,GA,0.6008091379817171
13440,30045,Lawrenceville,GA,0.3535865869645098
13441,30046,Lawrenceville,GA,0.19733764271374798
13442,30047,Lilburn,GA,0.550582578613252
13445,30052,Loganville,GA,0.5660187067724204
13446,30054,Oxford,GA,0.06918309378174105
13447,30055,Mansfield,GA,0.014582118790703232
13448,30056,Newborn,GA,0.01522308193224592
13449,30058,Lithonia,GA,0.41144224393857926
13450,30060,Marietta,GA,0.18049397334050307
13452,30062,Marietta,GA,0.43054346670251553
13454,30064,Marietta,GA,0.2507578149982076
13456,30066,Marietta,GA,0.3387853082511801
13457,30067,Marietta,GA,0.36140949684531276
13458,30068,Marietta,GA,0.033899359682141424
13460,30070,Porterdale,GA,0.0022653589352930634
13461,30071,Norcross,GA,0.1273002073400251
13462,30072,Pine Lake,GA,0.006474846585409571
13465,30075,Roswell,GA,0.06169720164904104
13466,30076,Roswell,GA,0.3117720100152357
13468,30078,Snellville,GA,0.2824450821652626
13469,30079,Scottdale,GA,0.012177214293182768
13470,30080,Smyrna,GA,0.376189789100496
13472,30082,Smyrna,GA,0.21309729504391467
13473,30083,Stone Mountain,GA,0.2847840106649937
13474,30084,Tucker,GA,0.2851278340652446
13477,30087,Stone Mountain,GA,0.3403306553683456
13478,30088,Stone Mountain,GA,0.16442485071099955
13481,30092,Norcross,GA,0.2907664325237498
13482,30093,Norcross,GA,0.2554729333572325
13483,30094,Conyers,GA,0.3182396281188385
13485,30096,Duluth,GA,0.5282832681633506
13486,30097,Duluth,GA,0.16038994583557395
13489,30101,Acworth,GA,0.4061324227818606
13490,30102,Acworth,GA,0.32606125135926384
13491,30103,Adairsville,GA,0.13977547498655674
13492,30104,Aragon,GA,0.0345779957354962
13493,30105,Armuchee,GA,0.01452212257871781
13494,30106,Austell,GA,0.14422922149728146
13495,30107,Ball Ground,GA,0.13716234662125829
13496,30108,Bowdon,GA,0.04747642756168967
13498,30110,Bremen,GA,0.08774498330644678
13501,30113,Buchanan,GA,0.040201671506243646
13502,30114,Canton,GA,0.45143026880265286
13503,30115,Canton,GA,0.3206199556551354
13504,30116,Carrollton,GA,0.1492635941028858
13505,30117,Carrollton,GA,0.1754345601929856
13506,30118,Carrollton,GA,0.0
13508,30120,Cartersville,GA,0.2778413399653462
13509,30121,Cartersville,GA,0.17931329149787895
13510,30122,Lithia Springs,GA,0.1645004494174583
13512,30124,Cave Spring,GA,0.021580852303280152
13513,30125,Cedartown,GA,0.15186575879787295
13514,30126,Mableton,GA,0.34405028489872735
13515,30127,Powder Springs,GA,0.6781597589024319
13517,30132,Dallas,GA,0.33641631005855294
13519,30134,Douglasville,GA,0.31911329869450916
13520,30135,Douglasville,GA,0.6263337557626816
13521,30137,Emerson,GA,0.013825992867598733
13523,30139,Fairmount,GA,0.021790424389078085
13525,30141,Hiram,GA,0.22657326691760768
13527,30143,Jasper,GA,0.18211768349166518
13528,30144,Kennesaw,GA,0.38430576560614205
13529,30145,Kingston,GA,0.05383050453635658
13531,30147,Lindale,GA,0.03362122724502598
13532,30148,Marble Hill,GA,0.0
13533,30149,Mount Berry,GA,0.00010295857680587917
13536,30152,Kennesaw,GA,0.31293612313736036
13537,30153,Rockmart,GA,0.11033829953994144
13540,30157,Dallas,GA,0.40226233728266714
13542,30161,Rome,GA,0.1920944419639123
13546,30165,Rome,GA,0.24931098804594615
13548,30168,Austell,GA,0.13636627448168728
13550,30170,Roopville,GA,0.015565495775826013
13551,30171,Rydal,GA,0.016696778665531455
13553,30173,Silver Creek,GA,0.04632517018432217
13554,30175,Talking Rock,GA,0.040552292409033866
13555,30176,Tallapoosa,GA,0.058758489724861085
13556,30177,Tate,GA,0.006925336250522794
13557,30178,Taylorsville,GA,0.019893894246280693
13558,30179,Temple,GA,0.13107241333572325
13559,30180,Villa Rica,GA,0.26949247640556856
13560,30182,Waco,GA,0.019652511538806237
13561,30183,Waleska,GA,0.03979444748610862
13562,30184,White,GA,0.05912283929915756
13563,30185,Whitesburg,GA,0.03320559874529485
13564,30187,Winston,GA,0.07443423013383522
13565,30188,Woodstock,GA,0.3511427565722652
13566,30189,Woodstock,GA,0.2626682565199857
13569,30204,Barnesville,GA,0.06103790860070503
13570,30205,Brooks,GA,0.016651349535460363
13571,30206,Concord,GA,0.034889851707295215
13573,30213,Fairburn,GA,0.2104764271374798
13574,30214,Fayetteville,GA,0.2396827137599331
13575,30215,Fayetteville,GA,0.26114622271912524
13576,30216,Flovilla,GA,0.008782532493875842
13577,30217,Franklin,GA,0.06279148384119017
13578,30218,Gay,GA,0.01272560154149489
13580,30220,Grantville,GA,0.03144720932664157
13581,30222,Greenville,GA,0.0306939639272271
13582,30223,Griffin,GA,0.1730306464838382
13583,30224,Griffin,GA,0.15954948539164723
13584,30228,Hampton,GA,0.3132774862430543
13586,30230,Hogansville,GA,0.06437780871571964
13588,30233,Jackson,GA,0.15697836728206965
13589,30234,Jenkinsburg,GA,0.010606526707295212
13590,30236,Jonesboro,GA,0.25112753811166877
13592,30238,Jonesboro,GA,0.21624532746908046
13593,30240,Lagrange,GA,0.1897670966122961
13594,30241,Lagrange,GA,0.1488527969961761
13595,30248,Locust Grove,GA,0.23781931087112387
13596,30250,Lovejoy,GA,0.0014584636404373543
13597,30251,Luthersville,GA,0.01506859452112087
13598,30252,Mcdonough,GA,0.3807572755302624
13599,30253,Mcdonough,GA,0.45854617214106463
13600,30256,Meansville,GA,0.019772517476250223
13601,30257,Milner,GA,0.032542786474577284
13602,30258,Molena,GA,0.019026250156838145
13603,30259,Moreland,GA,0.030453617476250222
13604,30260,Morrow,GA,0.15367024620302325
13606,30263,Newnan,GA,0.4247215936906255
13608,30265,Newnan,GA,0.2001990786027962
13610,30268,Palmetto,GA,0.07796299148891678
13611,30269,Peachtree City,GA,0.0742491947317322
13615,30273,Rex,GA,0.12659645906524467
13616,30274,Riverdale,GA,0.17438615362669535
13618,30276,Senoia,GA,0.10986800537730776
13619,30277,Sharpsburg,GA,0.17833722526139692
13620,30281,Stockbridge,GA,0.4955623694882595
13622,30284,Sunny Side,GA,0.0006975443627890305
13623,30285,The Rock,GA,0.004992056475174762
13624,30286,Thomaston,GA,0.1322091496489813
13626,30288,Conley,GA,0.06482601315647965
13627,30289,Turin,GA,0.0
13628,30290,Tyrone,GA,0.05051122151520584
13629,30291,Union City,GA,0.1029207227221127
13630,30292,Williamson,GA,0.04284969409840473
13631,30293,Woodbury,GA,0.015835380958355738
13632,30294,Ellenwood,GA,0.32851318138405927
13633,30295,Zebulon,GA,0.03760141739559061
13634,30296,Riverdale,GA,0.16067760471111905
13635,30297,Forest Park,GA,0.11555578890332796
13639,30303,Atlanta,GA,0.012773222871482349
13641,30305,Atlanta,GA,-0.0264333782353468
13642,30306,Atlanta,GA,0.027620562639660666
13643,30307,Atlanta,GA,0.07347978683903927
13644,30308,Atlanta,GA,0.06784655593296292
13645,30309,Atlanta,GA,0.05853872026050069
13646,30310,Atlanta,GA,0.11240919682290731
13647,30311,Atlanta,GA,0.1654935595402402
13648,30312,Atlanta,GA,0.15587982340025094
13649,30313,Atlanta,GA,0.010165722710163107
13650,30314,Atlanta,GA,0.05955004253749179
13651,30315,Atlanta,GA,0.1316736589591922
13652,30316,Atlanta,GA,0.21452985362968274
13653,30317,Atlanta,GA,0.08611409875575074
13654,30318,Atlanta,GA,0.21287649167264142
13655,30319,Atlanta,GA,0.05555593299426428
13658,30322,Atlanta,GA,0.0
13660,30324,Atlanta,GA,0.10822293545139515
13662,30326,Atlanta,GA,0.00951585127561691
13663,30327,Atlanta,GA,-0.2653235271240365
13664,30328,Atlanta,GA,0.12580681789299158
13665,30329,Atlanta,GA,0.13984934168010993
13667,30331,Atlanta,GA,0.3480386484958475
13668,30332,Atlanta,GA,0.0
13672,30336,Atlanta,GA,0.00020902641154328755
13673,30337,Atlanta,GA,0.05810657286252016
13674,30338,Atlanta,GA,0.023214652539284307
13675,30339,Atlanta,GA,0.07020940000149371
13676,30340,Atlanta,GA,0.1283674353602796
13677,30341,Atlanta,GA,0.18222688231164486
13678,30342,Atlanta,GA,0.1643384970245564
13680,30344,Atlanta,GA,0.19377579214016846
13681,30345,Atlanta,GA,0.20024901696092487
13682,30346,Atlanta,GA,-0.0036316619465853977
13685,30349,Atlanta,GA,0.4837162073923045
13686,30350,Atlanta,GA,0.27697428707653704
13689,30354,Atlanta,GA,0.07510696789896636
13695,30360,Atlanta,GA,0.13022479269582363
13698,30363,Atlanta,GA,0.018736739572504036
13727,30401,Swainsboro,GA,0.0676160014458983
13728,30410,Ailey,GA,0.01569544362789031
13729,30411,Alamo,GA,0.03233914082571548
13730,30412,Alston,GA,0.0007761266206608115
13731,30413,Bartow,GA,0.011143649965644977
13733,30415,Brooklet,GA,0.05337271014966839
13734,30417,Claxton,GA,0.07071348521240364
13735,30420,Cobbtown,GA,0.007783214379817171
13736,30421,Collins,GA,0.032511798067156594
13737,30423,Daisy,GA,0.0014804172835633624
13739,30425,Garfield,GA,0.005394538746489814
13740,30426,Girard,GA,0.0034079561883850152
13741,30427,Glennville,GA,0.06074407994264205
13742,30428,Glenwood,GA,0.01835419263906315
13743,30429,Hagan,GA,0.00017443957698512274
13744,30434,Louisville,GA,0.01773855330405688
13745,30436,Lyons,GA,0.07675544114984763
13746,30438,Manassas,GA,0.0002750546767640556
13747,30439,Metter,GA,0.048011203366792134
13748,30441,Midville,GA,0.008870719869152178
13749,30442,Millen,GA,0.03246572660423014
13751,30445,Mount Vernon,GA,0.01506678243263428
13752,30446,Newington,GA,0.0025424860189998204
13754,30448,Nunez,GA,0.0003914512009320668
13755,30449,Oliver,GA,0.0010432621422596638
13756,30450,Portal,GA,0.008510188398458504
13757,30451,Pulaski,GA,0.0
13758,30452,Register,GA,0.011247082753779052
13759,30453,Reidsville,GA,0.03955279303190535
13760,30454,Rockledge,GA,0.008014422792316426
13761,30455,Rocky Ford,GA,0.0038653212149728144
13762,30456,Sardis,GA,0.020167489748760228
13763,30457,Soperton,GA,0.0316908553578897
13764,30458,Statesboro,GA,0.12457985540419429
13766,30460,Statesboro,GA,0.0
13767,30461,Statesboro,GA,0.10297631932843403
13768,30464,Stillmore,GA,0.0005302708818784727
13770,30467,Sylvania,GA,0.08282461157913604
13771,30470,Tarrytown,GA,0.001837056372109697
13772,30471,Twin City,GA,0.031297645384477504
13773,30473,Uvalda,GA,0.02145160691880265
13774,30474,Vidalia,GA,0.09546851903716316
13776,30477,Wadley,GA,0.010406541302204695
13778,30501,Gainesville,GA,0.1453517151072474
13781,30504,Gainesville,GA,0.13540324635538029
13783,30506,Gainesville,GA,0.3842076635597777
13784,30507,Gainesville,GA,0.1854608056177929
13785,30510,Alto,GA,0.05059944294676465
13786,30511,Baldwin,GA,0.019428551846208994
13787,30512,Blairsville,GA,0.12628269461373004
13788,30513,Blue Ridge,GA,0.0757754849256139
13791,30516,Bowersville,GA,0.013894530269761604
13792,30517,Braselton,GA,0.06395265506811257
13793,30518,Buford,GA,0.47615027504929197
13794,30519,Buford,GA,0.39579002480133835
13795,30520,Canon,GA,0.02361363552309255
13796,30521,Carnesville,GA,0.031090884038358125
13797,30522,Cherrylog,GA,0.006120529835095895
13798,30523,Clarkesville,GA,0.07796927940491127
13799,30525,Clayton,GA,0.042833198972336735
13800,30527,Clermont,GA,0.03012670442731672
13801,30528,Cleveland,GA,0.1820598118928123
13802,30529,Commerce,GA,0.07758516524914857
13803,30530,Commerce,GA,0.04182318103602796
13804,30531,Cornelia,GA,0.061024012590368645
13805,30533,Dahlonega,GA,0.11752319698870767
13806,30534,Dawsonville,GA,0.2152126119017745
13807,30535,Demorest,GA,0.05591571210790464
13808,30536,Ellijay,GA,0.06398015506363147
13809,30537,Dillard,GA,0.004457923462986197
13810,30538,Eastanollee,GA,0.021624253737228892
13812,30540,Ellijay,GA,0.11007441276214373
13813,30541,Epworth,GA,0.009251971784071219
13814,30542,Flowery Branch,GA,0.3085696099958176
13815,30543,Gillsville,GA,0.03519209545169385
13817,30545,Helen,GA,0.006022668148413694
13818,30546,Hiawassee,GA,0.03900087875963434
13819,30547,Homer,GA,0.020998977074744577
13820,30548,Hoschton,GA,0.08440944947272515
13821,30549,Jefferson,GA,0.20428067634880806
13822,30552,Lakemont,GA,0.010133526062018281
13823,30553,Lavonia,GA,0.04921622722560792
13824,30554,Lula,GA,0.055912866624843155
13825,30555,McCaysville,GA,0.013788780097986496
13826,30557,Martin,GA,0.03070403210402103
13827,30558,Maysville,GA,0.04536770096194061
13828,30559,Mineral Bluff,GA,0.03425996001971679
13829,30560,Morganton,GA,0.03067887963195316
13830,30562,Mountain City,GA,0.00690912471769134
13831,30563,Mount Airy,GA,0.0330588013622513
13832,30564,Murrayville,GA,0.02282897879697676
13833,30565,Nicholson,GA,0.03247974479297366
13834,30566,Oakwood,GA,0.04293188019059569
13835,30567,Pendergrass,GA,0.015468851362251304
13836,30568,Rabun Gap,GA,0.0087686635328912
13837,30571,Sautee Nacoochee,GA,0.030287743838501517
13838,30572,Suches,GA,0.005756662385732208
13839,30573,Tallulah Falls,GA,-0.0004453348628786492
13840,30575,Talmo,GA,0.004243532469976698
13841,30576,Tiger,GA,0.013282065229730536
13842,30577,Toccoa,GA,0.1321910952500448
13844,30581,Wiley,GA,0.0
13845,30582,Young Harris,GA,0.012228463456712668
13850,30601,Athens,GA,0.07313732257871781
13851,30602,Athens,GA,0.0
13854,30605,Athens,GA,0.09845086273525723
13855,30606,Athens,GA,0.19273551417816814
13856,30607,Athens,GA,0.06143247143454621
13858,30609,Athens,GA,0.0
13862,30619,Arnoldsville,GA,0.008932037390213301
13863,30620,Bethlehem,GA,0.09541034546214974
13864,30621,Bishop,GA,0.027666428481806768
13865,30622,Bogart,GA,0.07799677854454204
13866,30623,Bostwick,GA,0.0
13867,30624,Bowman,GA,0.021634117383641033
13868,30625,Buckhead,GA,0.01598381502061301
13869,30627,Carlton,GA,0.016228333877038897
13870,30628,Colbert,GA,0.0630113947302384
13871,30629,Comer,GA,0.019205420326223337
13872,30630,Crawford,GA,0.01481833626097867
13873,30631,Crawfordville,GA,0.00834699004301846
13874,30633,Danielsville,GA,0.06936690715181933
13875,30634,Dewy Rose,GA,0.015178989662125825
13876,30635,Elberton,GA,0.07784218811017506
13879,30641,Good Hope,GA,0.015011112490290971
13880,30642,Greensboro,GA,0.06749656390034058
13881,30643,Hartwell,GA,0.09019054055834377
13883,30646,Hull,GA,0.051181630865746536
13885,30648,Lexington,GA,0.016178398870765377
13886,30650,Madison,GA,0.10638201493696597
13888,30655,Monroe,GA,0.17459119300651252
13889,30656,Monroe,GA,0.12439695120989425
13890,30660,Rayle,GA,0.006521506691760768
13891,30662,Royston,GA,0.04911874945330704
13892,30663,Rutledge,GA,0.02105275429288403
13893,30664,Sharon,GA,0.0
13894,30665,Siloam,GA,0.00012134995070801216
13895,30666,Statham,GA,0.0903006093684651
13896,30667,Stephens,GA,0.008533493601003764
13897,30668,Tignall,GA,0.007144108113759933
13898,30669,Union Point,GA,0.014582449251658
13900,30673,Washington,GA,0.04492721045587619
13901,30677,Watkinsville,GA,0.14846080721156724
13902,30678,White Plains,GA,0.012528828687936906
13903,30680,Winder,GA,0.24951141943000538
13904,30683,Winterville,GA,0.03910407666248432
13905,30701,Calhoun,GA,0.2792549016072175
13907,30705,Chatsworth,GA,0.23706768114208038
13908,30707,Chickamauga,GA,0.11631125217332855
13909,30708,Cisco,GA,0.0
13910,30710,Cohutta,GA,0.06800583684949514
13911,30711,Crandall,GA,0.026739625739379814
13914,30720,Dalton,GA,0.18891833375156836
13915,30721,Dalton,GA,0.30121804605365354
13918,30725,Flintstone,GA,0.029664683186951073
13920,30728,La Fayette,GA,0.13929003104050905
13921,30730,Lyerly,GA,0.011155721554041943
13922,30731,Menlo,GA,0.00999006889675569
13924,30733,Plainville,GA,0.015511787986198244
13925,30734,Ranger,GA,0.03603739327239051
13926,30735,Resaca,GA,0.04381501917906434
13927,30736,Ringgold,GA,0.35828323921999167
13928,30738,Rising Fawn,GA,0.028580323212045174
13929,30739,Rock Spring,GA,0.05033156031546872
13930,30740,Rocky Face,GA,0.08704385904283922
13931,30741,Rossville,GA,0.1461968376501165
13932,30742,Fort Oglethorpe,GA,0.04302642022315827
13933,30746,Sugar Valley,GA,0.006067963255063632
13934,30747,Summerville,GA,0.11694047301487721
13935,30750,Lookout Mountain,GA,0.018513071948377847
13936,30751,Tennga,GA,0.0
13937,30752,Trenton,GA,0.06753735104857501
13938,30753,Trion,GA,0.05009783014429109
13940,30755,Tunnel Hill,GA,0.08152456755690983
13941,30756,Varnell,GA,0.0
13942,30757,Wildwood,GA,0.009127839039254347
13943,30802,Appling,GA,0.044988703308537964
13944,30803,Avera,GA,0.004599176160602257
13945,30805,Blythe,GA,0.022304089754735017
13947,30807,Camak,GA,0.00012759058971141795
13948,30808,Dearing,GA,0.024390135806894902
13949,30809,Evans,GA,0.2007107983823266
13950,30810,Gibson,GA,0.013358802939594908
13952,30812,Gracewood,GA,0.0016517945330704424
13953,30813,Grovetown,GA,0.23181269999999998
13954,30814,Harlem,GA,0.05257257904642409
13955,30815,Hephzibah,GA,0.2959234824251658
13956,30816,Keysville,GA,0.015520551398100017
13957,30817,Lincolnton,GA,0.05208125120989425
13958,30818,Matthews,GA,0.002739214712911514
13960,30820,Mitchell,GA,0.013711337097448761
13961,30821,Norwood,GA,0.0056892289538149005
13962,30822,Perkins,GA,0.006204004286909242
13963,30823,Stapleton,GA,0.014072765561331179
13964,30824,Thomson,GA,0.10152481183157076
13965,30828,Warrenton,GA,0.02127608855977774
13966,30830,Waynesboro,GA,0.09741321828882117
13967,30833,Wrens,GA,0.02302617703292107
13969,30901,Augusta,GA,0.049065901801398096
13970,30903,Augusta,GA,0.0
13971,30904,Augusta,GA,0.11718865149220288
13972,30905,Augusta,GA,0.011057979655852306
13973,30906,Augusta,GA,0.2591492906838143
13974,30907,Augusta,GA,0.36268990240186416
13975,30909,Augusta,GA,0.2371837880086037
13978,30912,Augusta,GA,0.0
13985,31001,Abbeville,GA,0.02977473346925972
13986,31002,Adrian,GA,0.02104184346059628
13987,31003,Allentown,GA,0.0006514384298261336
13989,31005,Bonaire,GA,0.08036025947750493
13990,31006,Butler,GA,0.03140435621079046
13991,31007,Byromville,GA,0.009672088770388958
13992,31008,Byron,GA,0.141277566099062
13993,31009,Cadwell,GA,0.004563060414052697
13995,31011,Chauncey,GA,0.004253635845731014
13996,31012,Chester,GA,0.031010011865925786
13998,31014,Cochran,GA,0.0831119914709924
13999,31015,Cordele,GA,0.09572205887405148
14000,31016,Culloden,GA,0.010613667453844771
14001,31017,Danville,GA,0.00395581904164426
14002,31018,Davisboro,GA,0.0033733045348628777
14003,31019,Dexter,GA,0.009767709508872558
14004,31020,Dry Branch,GA,0.01182121042600227
14005,31021,Dublin,GA,0.16911063343789207
14006,31022,Dudley,GA,0.015592128439983267
14007,31023,Eastman,GA,0.07365337452948557
14008,31024,Eatonton,GA,0.1381725108427436
14009,31025,Elko,GA,0.007787474241202126
14011,31027,Dublin,GA,0.048368146459939046
14012,31028,Centerville,GA,0.03828569657047261
14013,31029,Forsyth,GA,0.1204643916771225
14014,31030,Fort Valley,GA,0.08947286386897293
14015,31031,Gordon,GA,0.030372843998327053
14016,31032,Gray,GA,0.10227449525303221
14017,31033,Haddock,GA,0.030893565701738665
14019,31035,Harrison,GA,0.0063865877128517655
14020,31036,Hawkinsville,GA,0.08861078608770985
14021,31037,Helena,GA,0.018511670496504748
14022,31038,Hillsboro,GA,0.00583633909900221
14025,31041,Ideal,GA,0.004241574680348928
14026,31042,Irwinton,GA,0.015211243681663381
14027,31044,Jeffersonville,GA,0.01947072308657465
14028,31045,Jewell,GA,0.0
14029,31046,Juliette,GA,0.027453187608293003
14030,31047,Kathleen,GA,0.08297702159138437
14031,31049,Kite,GA,0.008496261513413395
14032,31050,Knoxville,GA,0.0017593206667861623
14033,31051,Lilly,GA,0.0005036140213299874
14034,31052,Lizella,GA,0.07033245270359086
14035,31054,McIntyre,GA,0.010373512505227936
14036,31055,McRae,GA,0.04019307362430542
14037,31057,Marshallville,GA,0.007451760769552488
14038,31058,Mauk,GA,0.01363852191551652
14040,31060,Milan,GA,0.015152582953934396
14041,31061,Milledgeville,GA,0.2243428459222082
14042,31062,Milledgeville,GA,0.0018176921476369718
14043,31063,Montezuma,GA,0.02309520518611459
14044,31064,Monticello,GA,0.06556257931827687
14045,31065,Montrose,GA,0.011161311764354424
14046,31066,Musella,GA,0.007095799749058971
14047,31067,Oconee,GA,0.0015334860638107188
14048,31068,Oglethorpe,GA,0.032301194102885816
14049,31069,Perry,GA,0.12992313059688115
14050,31070,Pinehurst,GA,0.0
14051,31071,Pineview,GA,0.005088550606440818
14052,31072,Pitts,GA,0.009737930955368344
14054,31075,Rentz,GA,0.012824434075700544
14055,31076,Reynolds,GA,0.015088356336260975
14056,31077,Rhine,GA,0.008931655165202843
14057,31078,Roberta,GA,0.017149708275079164
14058,31079,Rochelle,GA,0.012477099265101271
14059,31081,Rupert,GA,0.0
14060,31082,Sandersville,GA,0.06701555587918981
14061,31083,Scotland,GA,0.0040701873095536825
14062,31084,Seville,GA,0.0001302876859652267
14063,31085,Shady Dale,GA,0.007314313482105514
14065,31087,Sparta,GA,0.041842790201350295
14066,31088,Warner Robins,GA,0.38074953431767944
14067,31089,Tennille,GA,0.02572553811166875
14068,31090,Toomsboro,GA,0.0
14069,31091,Unadilla,GA,0.03144400427944076
14070,31092,Vienna,GA,0.03376078099121706
14071,31093,Warner Robins,GA,0.19405098392782455
14072,31094,Warthen,GA,0.012750540111728504
14074,31096,Wrightsville,GA,0.03832846574953695
14075,31097,Yatesville,GA,0.01070442731672343
14076,31098,Warner Robins,GA,0.011570281785863654
14101,31201,Macon,GA,0.02089160485152656
14104,31204,Macon,GA,0.15624044430901593
14106,31206,Macon,GA,0.07446508473442075
14107,31207,Macon,GA,0.0
14110,31210,Macon,GA,0.219279284363984
14111,31211,Macon,GA,0.0650844617314931
14114,31216,Macon,GA,0.14880853115851111
14115,31217,Macon,GA,0.08133140562824877
14116,31220,Macon,GA,0.10760260241381371
14125,31301,Allenhurst,GA,0.03182988070442732
14126,31302,Bloomingdale,GA,0.06726457716436637
14127,31303,Clyo,GA,0.024774296277708073
14129,31305,Darien,GA,0.04483679945031965
14130,31307,Eden,GA,0.0
14131,31308,Ellabell,GA,0.052537302885821834
14132,31309,Fleming,GA,0.002236668757841907
14134,31312,Guyton,GA,0.12301250231224233
14135,31313,Hinesville,GA,0.2604467420445719
14136,31314,Fort Stewart,GA,0.0
14137,31315,Fort Stewart,GA,0.011774542041584513
14138,31316,Ludowici,GA,0.07947646038716615
14139,31318,Meldrim,GA,0.0017427950648264327
14141,31320,Midway,GA,0.04914903310330406
14142,31321,Pembroke,GA,0.04466736121915517
14143,31322,Pooler,GA,0.1564191439326044
14144,31323,Riceboro,GA,0.006714261679213718
14145,31324,Richmond Hill,GA,0.13392387482822488
14146,31326,Rincon,GA,0.13550766875784193
14147,31327,Sapelo Island,GA,0.0
14148,31328,Tybee Island,GA,0.02939554223576507
14149,31329,Springfield,GA,0.06458770046005854
14150,31331,Townsend,GA,0.058106309744876614
14154,31401,Savannah,GA,0.05039240552070263
14157,31404,Savannah,GA,0.1335199023002928
14158,31405,Savannah,GA,0.24070256085319955
14159,31406,Savannah,GA,0.18109190046005855
14160,31407,Savannah,GA,0.03849474451813347
14161,31408,Savannah,GA,0.04843036587202008
14162,31409,Savannah,GA,0.0
14163,31410,Savannah,GA,0.14876489648085078
14164,31411,Savannah,GA,0.00295626649937265
14167,31415,Savannah,GA,0.044818983186951065
14170,31419,Savannah,GA,0.33923043412798
14178,31501,Waycross,GA,0.10067425907420682
14180,31503,Waycross,GA,0.13956156345223156
14182,31510,Alma,GA,0.0634679959072713
14183,31512,Ambrose,GA,0.01779432250552668
14184,31513,Baxley,GA,0.10404075216884745
14186,31516,Blackshear,GA,0.10305388027424267
14187,31518,Bristol,GA,0.004885850761785265
14188,31519,Broxton,GA,0.02459642333303459
14189,31520,Brunswick,GA,0.09466831711776305
14191,31522,Saint Simons Island,GA,0.060852366517296974
14192,31523,Brunswick,GA,0.11871981377785742
14194,31525,Brunswick,GA,0.2156690166696541
14195,31527,Jekyll Island,GA,0.0
14196,31532,Denton,GA,0.004943788827149429
14197,31533,Douglas,GA,0.07346539739499312
14199,31535,Douglas,GA,0.07137513819680945
14200,31537,Folkston,GA,0.08300838670311285
14201,31539,Hazlehurst,GA,0.09493488325864849
14202,31542,Hoboken,GA,0.024115816645754913
14203,31543,Hortense,GA,0.04348440580749239
14204,31544,Jacksonville,GA,0.0021725471634701553
14205,31545,Jesup,GA,0.10522441232150323
14206,31546,Jesup,GA,0.05377186471589889
14207,31547,Kings Bay,GA,0.0
14208,31548,Kingsland,GA,0.1460805718946048
14209,31549,Lumber City,GA,0.009670593067754077
14210,31550,Manor,GA,0.007840862337933916
14211,31551,Mershon,GA,0.007284553027723008
14212,31552,Millwood,GA,0.0012213202425763279
14213,31553,Nahunta,GA,0.025599853677481035
14214,31554,Nicholls,GA,0.05196864839875725
14215,31555,Odum,GA,0.02656024151281592
14216,31556,Offerman,GA,0.00015245974487662075
14217,31557,Patterson,GA,0.015182987620242578
14218,31558,Saint Marys,GA,0.1375901080121886
14219,31560,Screven,GA,0.019414652755870225
14220,31561,Sea Island,GA,0.0
14221,31562,Saint George,GA,0.018946098561570177
14222,31563,Surrency,GA,0.010774044646591383
14224,31565,Waverly,GA,0.02390717833243712
14225,31566,Waynesville,GA,0.017619377038895854
14226,31567,West Green,GA,0.003874608121228416
14227,31568,White Oak,GA,0.004881330647666846
14228,31569,Woodbine,GA,0.043119242851168076
14231,31601,Valdosta,GA,0.13139966343430723
14232,31602,Valdosta,GA,0.18535545737587378
14235,31605,Valdosta,GA,0.10204475977475057
14236,31606,Valdosta,GA,0.015783717359741888
14239,31620,Adel,GA,0.07980205886658301
14240,31622,Alapaha,GA,0.011779205457967377
14241,31623,Argyle,GA,0.0
14242,31624,Axson,GA,0.007049574843161857
14243,31625,Barney,GA,0.004642608657465495
14244,31626,Boston,GA,0.022177109555177148
14245,31627,Cecil,GA,0.0012924538447750492
14246,31629,Dixie,GA,0.004511019418055805
14247,31630,Du Pont,GA,0.0005673108024138136
14248,31631,Fargo,GA,0.0032623326014219996
14249,31632,Hahira,GA,0.10224732053534086
14250,31634,Homerville,GA,0.02915017599480193
14251,31635,Lakeland,GA,0.030074308397562283
14252,31636,Lake Park,GA,0.07096234281681303
14253,31637,Lenox,GA,0.02747230511740455
14254,31638,Morven,GA,0.007682585100376411
14255,31639,Nashville,GA,0.06546704341279798
14256,31641,Naylor,GA,0.018759781712672518
14257,31642,Pearson,GA,0.03136718079106171
14258,31643,Quitman,GA,0.05220674529485571
14259,31645,Ray City,GA,0.027175492397084302
14261,31647,Sparks,GA,0.011708433186951065
14262,31648,Statenville,GA,0.005983392722710162
14263,31649,Stockton,GA,0.010508931007647729
14264,31650,Willacoochee,GA,0.0172737985063034
14266,31698,Valdosta,GA,0.0
14267,31699,Valdosta,GA,0.0
14269,31701,Albany,GA,0.09506042819053595
14273,31705,Albany,GA,0.11985879644201472
14275,31707,Albany,GA,0.1253246159885284
14277,31709,Americus,GA,0.0806698565020613
14279,31711,Andersonville,GA,0.004407100842444883
14280,31712,Arabi,GA,0.008876218623409211
14282,31714,Ashburn,GA,0.03480750183724681
14284,31716,Baconton,GA,0.01440317860727729
14287,31719,Americus,GA,0.04860528047141065
14288,31720,Barwick,GA,0.0021413111250522788
14289,31721,Albany,GA,0.1299145440715182
14290,31722,Berlin,GA,0.0011755006691760766
14298,31730,Camilla,GA,0.05100550623468959
14300,31733,Chula,GA,0.01059854247475653
14302,31735,Cobb,GA,0.0
14305,31738,Coolidge,GA,0.015551860859174281
14310,31743,De Soto,GA,0.0010877218139451513
14311,31744,Doerun,GA,0.01786115624066439
14314,31747,Ellenton,GA,0.00019728682559598485
14315,31749,Enigma,GA,0.01847170865746549
14316,31750,Fitzgerald,GA,0.1047244394067037
14321,31756,Hartsfield,GA,0.0
14322,31757,Thomasville,GA,0.08216628701081435
14328,31763,Leesburg,GA,0.16359454839576984
14329,31764,Leslie,GA,0.01515122228894067
14330,31765,Meigs,GA,0.0183510813691223
14333,31768,Moultrie,GA,0.12133150197167947
14336,31771,Norman Park,GA,0.03071921983330346
14337,31772,Oakfield,GA,0.002453713895859473
14338,31773,Ochlocknee,GA,0.025246584943538267
14339,31774,Ocilla,GA,0.033091011952560194
14340,31775,Omega,GA,0.019554687697914797
14343,31778,Pavo,GA,0.02092435523690028
14344,31779,Pelham,GA,0.05045843171565991
14345,31780,Plains,GA,0.009005776698333034
14346,31781,Poulan,GA,0.007163512744219394
14348,31783,Rebecca,GA,0.013294989768178287
14349,31784,Sale City,GA,0.003746572790822729
14352,31787,Smithville,GA,0.009973195805699947
14354,31789,Sumner,GA,0.005267068244010278
14355,31790,Sycamore,GA,0.011083736738961581
14356,31791,Sylvester,GA,0.08386345818695108
14357,31792,Thomasville,GA,0.1388997280650654
14358,31793,Tifton,GA,0.07219113518551712
14359,31794,Tifton,GA,0.13614931158511082
14360,31795,Ty Ty,GA,0.0119236466167772
14361,31796,Warwick,GA,0.004838730489335006
14363,31798,Wray,GA,0.001799366750313676
14365,31801,Box Springs,GA,0.02327380855440043
14366,31803,Buena Vista,GA,0.0362740460880086
14367,31804,Cataula,GA,0.05222290060644082
14368,31805,Cusseta,GA,0.021613163649399532
14369,31806,Ellaville,GA,0.03857306785116807
14370,31807,Ellerslie,GA,0.034807561346119384
14371,31808,Fortson,GA,0.03093376435442434
14372,31810,Geneva,GA,0.00031268697197825174
14373,31811,Hamilton,GA,0.0650982670012547
14374,31812,Junction City,GA,0.005112483756049471
14375,31814,Louvale,GA,0.0008984473023839402
14376,31815,Lumpkin,GA,0.012978275331600647
14377,31816,Manchester,GA,0.030924923660154147
14378,31820,Midland,GA,0.0583867755272749
14379,31821,Omaha,GA,0.0
14380,31822,Pine Mountain,GA,0.04875214904104678
14381,31823,Pine Mountain Valley,GA,0.0014752393798171714
14382,31824,Preston,GA,0.011640723086574656
14383,31825,Richland,GA,0.012654082057716435
14384,31826,Shiloh,GA,0.019094152697616062
14385,31827,Talbotton,GA,0.01652814991934038
14386,31829,Upatoi,GA,0.008960600101571368
14387,31830,Warm Springs,GA,0.004870455105454978
14388,31831,Waverly Hall,GA,0.01864676913425345
14389,31832,Weston,GA,0.0
14390,31833,West Point,GA,0.037193473722889406
14391,31836,Woodland,GA,0.004812915715181931
14392,31901,Columbus,GA,0.022912869474816272
14394,31903,Columbus,GA,0.07185124644649579
14395,31904,Columbus,GA,0.22733212310449902
14396,31905,Fort Benning,GA,0.022158054808209354
14397,31906,Columbus,GA,0.11383024968632373
14398,31907,Columbus,GA,0.2845744601362251
14400,31909,Columbus,GA,0.2229478739110952
18236,39813,Arlington,GA,0.01674012624723666
18237,39815,Attapulgus,GA,0.00965985388809225
18238,39817,Bainbridge,GA,0.054317464378323466
18240,39819,Bainbridge,GA,0.08010848127800682
18241,39823,Blakely,GA,0.04226952927645336
18242,39824,Bluffton,GA,0.00460595112027245
18243,39825,Brinson,GA,0.012574333833721692
18244,39826,Bronwood,GA,0.0016618227818605484
18245,39827,Cairo,GA,0.022308899892453844
18246,39828,Cairo,GA,0.08953425542659973
18249,39834,Climax,GA,0.02099964241052757
18250,39836,Coleman,GA,0.0005541917010216883
18251,39837,Colquitt,GA,0.033396664509768775
18252,39840,Cuthbert,GA,0.024271220057357944
18253,39841,Damascus,GA,0.0033006213777857433
18254,39842,Dawson,GA,0.04298577249507081
18255,39845,Donalsonville,GA,0.04829567176315946
18256,39846,Edison,GA,0.004150347242636075
18257,39851,Fort Gaines,GA,0.006539465546394216
18259,39854,Georgetown,GA,0.00870747001254705
18260,39859,Iron City,GA,0.008174807048754257
18261,39861,Jakin,GA,0.009284237963792795
18262,39862,Leary,GA,0.0068388835633626105
18263,39866,Morgan,GA,0.014463918726474278
18264,39867,Morris,GA,0.0
18265,39870,Newton,GA,0.017803532573041764
18267,39877,Parrott,GA,0.001931676501165083
18268,39885,Sasser,GA,0.00023780300083647008
18269,39886,Shellman,GA,0.008801417857142856
18270,39897,Whigham,GA,0.026125960811375987
13400,30003,Norcross,GA,0.0
13403,30006,Marietta,GA,0.0
13404,30007,Marietta,GA,0.0
13407,30010,Norcross,GA,0.0
13412,30015,Covington,GA,0.0
13415,30018,Jersey,GA,0.0
13419,30023,Alpharetta,GA,0.0
13422,30026,Duluth,GA,0.0
13424,30029,Duluth,GA,0.0
13426,30031,Decatur,GA,0.0
13431,30036,Decatur,GA,0.0
13432,30037,Decatur,GA,0.0
13437,30042,Lawrenceville,GA,0.0
13443,30048,Lilburn,GA,0.0
13444,30049,Lawrenceville,GA,0.0
13451,30061,Marietta,GA,0.0
13453,30063,Marietta,GA,0.0
13455,30065,Marietta,GA,0.0
13459,30069,Marietta,GA,0.0
13463,30073,Decatur,GA,0.0
13464,30074,Redan,GA,0.0
13467,30077,Roswell,GA,0.0
13471,30081,Smyrna,GA,0.0
13475,30085,Tucker,GA,0.0
13476,30086,Stone Mountain,GA,0.0
13479,30090,Marietta,GA,0.0
13480,30091,Norcross,GA,0.0
13484,30095,Duluth,GA,0.0
13487,30098,Duluth,GA,0.0
13488,30099,Duluth,GA,0.0
13497,30109,Bowdon Junction,GA,0.0
13499,30111,Clarkdale,GA,0.0
13500,30112,Carrollton,GA,0.0
13507,30119,Carrollton,GA,0.0
13511,30123,Cassville,GA,0.0
13516,30129,Coosa,GA,0.0
13518,30133,Douglasville,GA,0.0
13522,30138,Esom Hill,GA,0.0
13524,30140,Felton,GA,0.0
13526,30142,Holly Springs,GA,0.0
13530,30146,Lebanon,GA,0.0
13534,30150,Mount Zion,GA,0.0
13535,30151,Nelson,GA,0.0
13538,30154,Douglasville,GA,0.0
13539,30156,Kennesaw,GA,0.0
13541,30160,Kennesaw,GA,0.0
13543,30162,Rome,GA,0.0
13544,30163,Rome,GA,0.0
13545,30164,Rome,GA,0.0
13547,30166,Carrollton,GA,0.0
13549,30169,Canton,GA,0.0
13552,30172,Shannon,GA,0.0
13567,30202,Alpharetta,GA,0.0
13568,30203,Brooks,GA,0.0
13572,30212,Experiment,GA,0.0
13579,30219,Glenn,GA,0.0
13585,30229,Haralson,GA,0.0
13587,30232,Inman,GA,0.0
13591,30237,Jonesboro,GA,0.0
13605,30261,Lagrange,GA,0.0
13607,30264,Newnan,GA,0.0
13609,30266,Orchard Hill,GA,0.0
13612,30270,Peachtree City,GA,0.0
13613,30271,Newnan,GA,0.0
13614,30272,Red Oak,GA,0.0
13617,30275,Sargent,GA,0.0
13621,30283,Jackson,GA,0.0
13625,30287,Morrow,GA,0.0
13636,30298,Forest Park,GA,0.0
13637,30301,Atlanta,GA,0.0
13638,30302,Atlanta,GA,0.0
13640,30304,Atlanta,GA,0.0
13656,30320,Atlanta,GA,0.0
13657,30321,Atlanta,GA,0.0
13659,30323,Atlanta,GA,0.0
13661,30325,Atlanta,GA,0.0
13666,30330,Atlanta,GA,0.0
13669,30333,Atlanta,GA,0.0
13670,30334,Atlanta,GA,0.0
13671,30335,Atlanta,GA,0.0
13679,30343,Atlanta,GA,0.0
13683,30347,Atlanta,GA,0.0
13684,30348,Atlanta,GA,0.0
13687,30351,Atlanta,GA,0.0
13688,30353,Atlanta,GA,0.0
13690,30355,Atlanta,GA,0.0
13691,30356,Atlanta,GA,0.0
13692,30357,Atlanta,GA,0.0
13693,30358,Atlanta,GA,0.0
13694,30359,Atlanta,GA,0.0
13696,30361,Atlanta,GA,0.0
13697,30362,Atlanta,GA,0.0
13699,30364,Atlanta,GA,0.0
13700,30365,Atlanta,GA,0.0
13701,30366,Atlanta,GA,0.0
13702,30367,Atlanta,GA,0.0
13703,30368,Atlanta,GA,0.0
13704,30369,Atlanta,GA,0.0
13705,30370,Atlanta,GA,0.0
13706,30371,Atlanta,GA,0.0
13707,30374,Atlanta,GA,0.0
13708,30375,Atlanta,GA,0.0
13709,30376,Atlanta,GA,0.0
13710,30377,Atlanta,GA,0.0
13711,30378,Atlanta,GA,0.0
13712,30379,Atlanta,GA,0.0
13713,30380,Atlanta,GA,0.0
13714,30381,Atlanta,GA,0.0
13715,30384,Atlanta,GA,0.0
13716,30385,Atlanta,GA,0.0
13717,30386,Atlanta,GA,0.0
13718,30387,Atlanta,GA,0.0
13719,30388,Atlanta,GA,0.0
13720,30389,Atlanta,GA,0.0
13721,30390,Atlanta,GA,0.0
13722,30392,Atlanta,GA,0.0
13723,30394,Atlanta,GA,0.0
13724,30396,Atlanta,GA,0.0
13725,30398,Atlanta,GA,0.0
13726,30399,Atlanta,GA,0.0
13732,30414,Bellville,GA,0.0
13738,30424,Dover,GA,0.0
13750,30444,East Point,GA,0.0
13753,30447,Norristown,GA,0.0
13765,30459,Statesboro,GA,0.0
13769,30466,Summertown,GA,0.0
13775,30475,Vidalia,GA,0.0
13777,30499,Reidsville,GA,0.0
13779,30502,Chestnut Mountain,GA,0.0
13780,30503,Gainesville,GA,0.0
13782,30505,Gainesville,GA,0.0
13789,30514,Blairsville,GA,0.0
13790,30515,Buford,GA,0.0
13811,30539,East Ellijay,GA,0.0
13816,30544,Demorest,GA,0.0
13843,30580,Turnerville,GA,0.0
13846,30596,Alto,GA,0.0
13847,30597,Dahlonega,GA,0.0
13848,30598,Toccoa,GA,0.0
13849,30599,Commerce,GA,0.0
13852,30603,Athens,GA,0.0
13853,30604,Athens,GA,0.0
13857,30608,Athens,GA,0.0
13859,30610,Athens,GA,0.0
13860,30612,Athens,GA,0.0
13861,30613,Athens,GA,0.0
13877,30638,Farmington,GA,0.0
13878,30639,Franklin Springs,GA,0.0
13882,30645,High Shoals,GA,0.0
13884,30647,Ila,GA,0.0
13887,30652,Greensboro,GA,0.0
13899,30671,Maxeys,GA,0.0
13906,30703,Calhoun,GA,0.0
13912,30716,Tallapoosa,GA,0.0
13913,30719,Dalton,GA,0.0
13916,30722,Dalton,GA,0.0
13917,30724,Eton,GA,0.0
13919,30726,Graysville,GA,0.0
13923,30732,Oakman,GA,0.0
13939,30754,Summerville,GA,0.0
13946,30806,Boneville,GA,0.0
13951,30811,Gough,GA,0.0
13959,30819,Mesena,GA,0.0
13968,30881,Atlanta,GA,0.0
13976,30910,Augusta,GA,0.0
13977,30911,Augusta,GA,0.0
13979,30913,Augusta,GA,0.0
13980,30914,Augusta,GA,0.0
13981,30916,Augusta,GA,0.0
13982,30917,Augusta,GA,0.0
13983,30919,Augusta,GA,0.0
13984,30999,Augusta,GA,0.0
13988,31004,Bolingbroke,GA,0.0
13994,31010,Cordele,GA,0.0
13997,31013,Clinchfield,GA,0.0
14010,31026,Eatonton,GA,0.0
14018,31034,Hardwick,GA,0.0
14023,31039,Howard,GA,0.0
14024,31040,Dublin,GA,0.0
14039,31059,Milledgeville,GA,0.0
14053,31073,Plainfield,GA,0.0
14064,31086,Smarr,GA,0.0
14073,31095,Warner Robins,GA,0.0
14077,31099,Warner Robins,GA,0.0
14078,31106,Atlanta,GA,0.0
14079,31107,Atlanta,GA,0.0
14080,31119,Atlanta,GA,0.0
14081,31120,Atlanta,GA,0.0
14082,31126,Atlanta,GA,0.0
14083,31131,Atlanta,GA,0.0
14084,31136,Atlanta,GA,0.0
14085,31139,Atlanta,GA,0.0
14086,31141,Atlanta,GA,0.0
14087,31144,Kennesaw,GA,0.0
14088,31145,Atlanta,GA,0.0
14089,31146,Atlanta,GA,0.0
14090,31150,Atlanta,GA,0.0
14091,31156,Atlanta,GA,0.0
14092,31169,Peachtree City,GA,0.0
14093,31191,Atlanta,GA,0.0
14094,31192,Atlanta,GA,0.0
14095,31193,Atlanta,GA,0.0
14096,31195,Atlanta,GA,0.0
14097,31196,Atlanta,GA,0.0
14098,31197,Atlanta,GA,0.0
14099,31198,Atlanta,GA,0.0
14100,31199,Atlanta,GA,0.0
14102,31202,Macon,GA,0.0
14103,31203,Macon,GA,0.0
14105,31205,Macon,GA,0.0
14108,31208,Macon,GA,0.0
14109,31209,Macon,GA,0.0
14112,31212,Macon,GA,0.0
14113,31213,Macon,GA,0.0
14117,31221,Macon,GA,0.0
14118,31267,Cecil,GA,0.0
14119,31294,Macon,GA,0.0
14120,31295,Macon,GA,0.0
14121,31296,Macon,GA,0.0
14122,31297,Macon,GA,0.0
14123,31298,Macon,GA,0.0
14124,31299,Macon,GA,0.0
14128,31304,Crescent,GA,0.0
14133,31310,Hinesville,GA,0.0
14140,31319,Meridian,GA,0.0
14151,31332,Valona,GA,0.0
14152,31333,Walthourville,GA,0.0
14153,31337,Lenox,GA,0.0
14155,31402,Savannah,GA,0.0
14156,31403,Savannah,GA,0.0
14165,31412,Savannah,GA,0.0
14166,31414,Savannah,GA,0.0
14168,31416,Savannah,GA,0.0
14169,31418,Savannah,GA,0.0
14171,31420,Savannah,GA,0.0
14172,31421,Savannah,GA,0.0
14173,31422,Savannah,GA,0.0
14174,31424,Richmond Hill,GA,0.0
14175,31441,Savannah,GA,0.0
14176,31498,Savannah,GA,0.0
14177,31499,Savannah,GA,0.0
14179,31502,Waycross,GA,0.0
14181,31507,Marshallville,GA,0.0
14185,31515,Baxley,GA,0.0
14190,31521,Brunswick,GA,0.0
14193,31524,Brunswick,GA,0.0
14198,31534,Douglas,GA,0.0
14223,31564,Waresboro,GA,0.0
14229,31598,Jesup,GA,0.0
14230,31599,Jesup,GA,0.0
14233,31603,Valdosta,GA,0.0
14234,31604,Valdosta,GA,0.0
14237,31607,Valdosta,GA,0.0
14238,31610,Sparks,GA,0.0
14260,31646,Saint George,GA,0.0
14265,31659,Nashville,GA,0.0
14268,31700,Albany,GA,0.0
14270,31702,Albany,GA,0.0
14271,31703,Albany,GA,0.0
14272,31704,Albany,GA,0.0
14274,31706,Albany,GA,0.0
14276,31708,Albany,GA,0.0
14278,31710,Americus,GA,0.0
14281,31713,Arlington,GA,0.0
14283,31715,Attapulgus,GA,0.0
14285,31717,Bainbridge,GA,0.0
14286,31718,Bainbridge,GA,0.0
14291,31723,Blakely,GA,0.0
14292,31724,Bluffton,GA,0.0
14293,31725,Brinson,GA,0.0
14294,31726,Bronwood,GA,0.0
14295,31727,Brookfield,GA,0.0
14296,31728,Cairo,GA,0.0
14297,31729,Calvary,GA,0.0
14299,31732,Cedar Springs,GA,0.0
14301,31734,Climax,GA,0.0
14303,31736,Coleman,GA,0.0
14304,31737,Colquitt,GA,0.0
14306,31739,Cotton,GA,0.0
14307,31740,Cuthbert,GA,0.0
14308,31741,Damascus,GA,0.0
14309,31742,Dawson,GA,0.0
14312,31745,Donalsonville,GA,0.0
14313,31746,Edison,GA,0.0
14317,31751,Fort Gaines,GA,0.0
14318,31752,Fowlstown,GA,0.0
14319,31753,Funston,GA,0.0
14320,31754,Georgetown,GA,0.0
14323,31758,Thomasville,GA,0.0
14324,31759,Iron City,GA,0.0
14325,31760,Irwinville,GA,0.0
14326,31761,Jakin,GA,0.0
14327,31762,Leary,GA,0.0
14331,31766,Morgan,GA,0.0
14332,31767,Morris,GA,0.0
14334,31769,Mystic,GA,0.0
14335,31770,Newton,GA,0.0
14341,31776,Moultrie,GA,0.0
14342,31777,Parrott,GA,0.0
14347,31782,Putney,GA,0.0
14350,31785,Sasser,GA,0.0
14351,31786,Shellman,GA,0.0
14362,31797,Whigham,GA,0.0
14364,31799,Thomasville,GA,0.0
14393,31902,Columbus,GA,0.0
14399,31908,Columbus,GA,0.0
14401,31914,Columbus,GA,0.0
14402,31917,Columbus,GA,0.0
14403,31993,Columbus,GA,0.0
14404,31994,Columbus,GA,0.0
14405,31995,Fort Benning,GA,0.0
14406,31997,Columbus,GA,0.0
14407,31998,Columbus,GA,0.0
14408,31999,Columbus,GA,0.0
18239,39818,Bainbridge,GA,0.0
18247,39829,Calvary,GA,0.0
18248,39832,Cedar Springs,GA,0.0
18258,39852,Fowlstown,GA,0.0
18271,39901,Atlanta,GA,0.0
