31120,68001,Abie,NE,0.0012423033548425646
31121,68002,Arlington,NE,0.015621673752763342
31122,68003,Ashland,NE,0.038067424377128525
31123,68004,Bancroft,NE,0.004467575790165502
31124,68005,Bellevue,NE,0.14797426981537914
31125,68007,Bennington,NE,0.032976484782219054
31126,68008,Blair,NE,0.09721088811614986
31128,68010,Boys Town,NE,0.0
31129,68014,Bruno,NE,0.00247392048754257
31130,68015,Cedar Bluffs,NE,0.013608292190954172
31131,68016,Cedar Creek,NE,0.002511202724502599
31132,68017,Ceresco,NE,0.013513912818904225
31133,68018,Colon,NE,0.002465951977654301
31134,68019,Craig,NE,0.004534553145725041
31135,68020,Decatur,NE,0.0020001493696600345
31136,68022,Elkhorn,NE,0.04423577896277713
31137,68023,Fort Calhoun,NE,0.008695014429109166
31138,68025,Fremont,NE,0.20561030546692952
31140,68028,Gretna,NE,0.054418608890482195
31141,68029,Herman,NE,0.006680792555416146
31142,68030,Homer,NE,0.005975760924896935
31143,68031,Hooper,NE,0.01035161821712374
31145,68033,Ithaca,NE,0.003414176232299696
31146,68034,Kennard,NE,0.0035849544571906564
31148,68036,Linwood,NE,0.0007713771404672282
31149,68037,Louisville,NE,0.015261587889107966
31150,68038,Lyons,NE,0.01245866941506841
31151,68039,Macy,NE,0.0026007388659855407
31152,68040,Malmo,NE,0.0043887902132998735
31153,68041,Mead,NE,0.010299465077373485
31154,68042,Memphis,NE,0.00012439691999761003
31155,68044,Nickerson,NE,0.0043855493816096075
31156,68045,Oakland,NE,0.014081419489753243
31157,68046,Papillion,NE,0.1337683987871184
31158,68047,Pender,NE,0.012445748987273707
31159,68048,Plattsmouth,NE,0.10102110623170225
31160,68050,Prague,NE,0.0038585368972934206
31162,68055,Rosalie,NE,0.0020365860548485397
31164,68057,Scribner,NE,0.011285520702634881
31165,68058,South Bend,NE,0.0038057783652984418
31166,68059,Springfield,NE,0.026491128338411905
31167,68061,Tekamah,NE,0.014680241978849257
31168,68062,Thurston,NE,0.0018811221126844716
31169,68063,Uehling,NE,0.001756228714823445
31170,68064,Valley,NE,0.023196820648861805
31171,68065,Valparaiso,NE,0.016268585409571604
31172,68066,Wahoo,NE,0.03737002897771404
31173,68067,Walthill,NE,0.004345805771643664
31174,68068,Washington,NE,0.00037301711776304005
31175,68069,Waterloo,NE,0.018327619122303882
31176,68070,Weston,NE,0.004329681597657885
31177,68071,Winnebago,NE,0.0064072415845133545
31178,68072,Winslow,NE,0.0001725142618151401
31179,68073,Yutan,NE,0.017020369537551528
31181,68102,Omaha,NE,0.02668350476787954
31183,68104,Omaha,NE,0.2078871249775945
31184,68105,Omaha,NE,0.1155239906255601
31185,68106,Omaha,NE,0.13157249260620182
31186,68107,Omaha,NE,0.15110047157794107
31187,68108,Omaha,NE,0.07769512052339127
31189,68110,Omaha,NE,0.020685520774332312
31190,68111,Omaha,NE,0.07942491681902371
31191,68112,Omaha,NE,0.06745196047081316
31192,68113,Offutt A F B,NE,0.0005862554161438728
31193,68114,Omaha,NE,0.090904001147159
31194,68116,Omaha,NE,0.12657321181215272
31195,68117,Omaha,NE,0.05985063592041585
31196,68118,Omaha,NE,-0.004496451640078847
31199,68122,Omaha,NE,0.0661026397741531
31200,68123,Bellevue,NE,0.1615507583198901
31201,68124,Omaha,NE,0.09115817420385974
31202,68127,Omaha,NE,0.1499478801756587
31203,68128,La Vista,NE,0.13785394046125354
31204,68130,Omaha,NE,0.025910880468423315
31205,68131,Omaha,NE,0.043383817948258345
31206,68132,Omaha,NE,0.09635081794228355
31207,68133,Papillion,NE,0.03898779688713633
31208,68134,Omaha,NE,0.20442971858756048
31209,68135,Omaha,NE,0.09257648378442973
31210,68136,Omaha,NE,0.04594870809882299
31211,68137,Omaha,NE,0.16772637787536598
31212,68138,Omaha,NE,0.08669277363924241
31214,68142,Omaha,NE,0.018887309553683458
31215,68144,Omaha,NE,0.14734027446675035
31217,68147,Bellevue,NE,0.08114867518671205
31218,68152,Omaha,NE,0.054981452431738076
31219,68154,Omaha,NE,0.1139086734301249
31221,68157,Omaha,NE,0.03057751882057717
31222,68164,Omaha,NE,0.18104258563362613
31226,68178,Omaha,NE,0.0
31236,68301,Adams,NE,0.010382657734360997
31237,68303,Alexandria,NE,0.0026673238931708195
31238,68304,Alvo,NE,0.003465129652864911
31239,68305,Auburn,NE,0.026628784107068176
31240,68307,Avoca,NE,0.0024840771195554757
31241,68309,Barneston,NE,0.0006217762322996951
31242,68310,Beatrice,NE,0.10429505230328015
31243,68313,Beaver Crossing,NE,0.0034501435069008786
31244,68314,Bee,NE,0.005504561375993308
31245,68315,Belvidere,NE,0.0005889227460118302
31246,68316,Benedict,NE,0.0038026823445061852
31247,68317,Bennet,NE,0.007363411304295873
31248,68318,Blue Springs,NE,0.0039048040150564617
31249,68319,Bradshaw,NE,0.0044672619047619044
31250,68320,Brock,NE,0.001571428571428572
31251,68321,Brownville,NE,0.0023755750731911333
31252,68322,Bruning,NE,0.002163141542689849
31253,68323,Burchard,NE,0.0024394186532831446
31254,68324,Burr,NE,0.00047680554460178046
31255,68325,Byron,NE,0.002178048634761308
31256,68326,Carleton,NE,0.0
31257,68327,Chester,NE,0.0026131325805102464
31258,68328,Clatonia,NE,0.0023987273704965052
31259,68329,Cook,NE,0.0018758558881519988
31261,68331,Cortland,NE,0.008712918981896398
31262,68332,Crab Orchard,NE,0.0
31263,68333,Crete,NE,0.03754428507946466
31264,68335,Davenport,NE,0.0025980163709147393
31265,68336,Davey,NE,0.0029428685322937216
31266,68337,Dawson,NE,0.0024056642409033876
31267,68338,Daykin,NE,0.0009302921670550279
31268,68339,Denton,NE,0.006200020911752407
31269,68340,Deshler,NE,0.006713405054669296
31270,68341,De Witt,NE,0.006197835573878235
31271,68342,Diller,NE,0.0024443218736930157
31272,68343,Dorchester,NE,0.007678034916651731
31273,68344,Douglas,NE,0.00233282327776782
31274,68345,Du Bois,NE,0.001927423170221665
31275,68346,Dunbar,NE,0.004578496743741411
31276,68347,Eagle,NE,0.0205663532532712
31277,68348,Elk Creek,NE,0.006314091557626815
31278,68349,Elmwood,NE,0.007368883312421581
31279,68350,Endicott,NE,0.001277720021509231
31280,68351,Exeter,NE,0.005182849041046783
31281,68352,Fairbury,NE,0.03201078926928362
31282,68354,Fairmont,NE,0.007030904702156897
31283,68355,Falls City,NE,0.04081025416741352
31284,68357,Filley,NE,0.003615735794945331
31285,68358,Firth,NE,0.01623007502091175
31286,68359,Friend,NE,0.012588891004959074
31287,68360,Garland,NE,0.005408311301308478
31288,68361,Geneva,NE,0.01164604079584155
31289,68362,Gilead,NE,0.0
31290,68364,Goehner,NE,0.0009122378562466393
31291,68365,Grafton,NE,0.001148473442074446
31292,68366,Greenwood,NE,0.005795901296528648
31293,68367,Gresham,NE,0.0009857552876859654
31294,68368,Hallam,NE,0.0045327657764234934
31295,68370,Hebron,NE,0.01532447277289837
31296,68371,Henderson,NE,0.0042720519089442565
31297,68372,Hickman,NE,0.019992331174941744
31299,68375,Hubbell,NE,0.00025452590069905
31300,68376,Humboldt,NE,0.00995121517595746
31301,68377,Jansen,NE,0.0012927794706339248
31302,68378,Johnson,NE,0.004562505227938102
31303,68379,Julian,NE,0.00045981939415665895
31304,68380,Lewiston,NE,0.0006378383222799786
31305,68381,Liberty,NE,0.0007665607456533429
31306,68382,Lorton,NE,0.0
31307,68401,McCool Junction,NE,0.00361633506602139
31308,68402,Malcolm,NE,0.0046951401460835285
31309,68403,Manley,NE,0.0014939572504032977
31310,68404,Martell,NE,0.008274571787058614
31311,68405,Milford,NE,0.016153910497699705
31312,68406,Milligan,NE,0.0045193520702634885
31313,68407,Murdock,NE,0.005358340249148595
31314,68409,Murray,NE,0.004662761104140529
31315,68410,Nebraska City,NE,0.0628619245981956
31316,68413,Nehawka,NE,0.0032334618808627616
31317,68414,Nemaha,NE,0.0
31318,68415,Odell,NE,0.005764025811077255
31319,68416,Ohiowa,NE,0.0029019278484794164
31320,68417,Otoe,NE,0.0027646890123678085
31321,68418,Palmyra,NE,0.009793919651072474
31322,68419,Panama,NE,0.001509604469140228
31323,68420,Pawnee City,NE,0.006541417458325865
31324,68421,Peru,NE,0.0032261870586126535
31325,68422,Pickrell,NE,0.0023941769253749186
31326,68423,Pleasant Dale,NE,0.00414327156897891
31327,68424,Plymouth,NE,0.005558898010396129
31328,68428,Raymond,NE,0.007320607038298381
31330,68430,Roca,NE,0.013232734323654181
31331,68431,Rulo,NE,0.0016293242516580038
31332,68433,Salem,NE,0.0010601003764115432
31333,68434,Seward,NE,0.06260781916562108
31334,68436,Shickley,NE,0.002723473573519747
31335,68437,Shubert,NE,0.0008196211985421523
31336,68438,Sprague,NE,0.0004635266176734183
31337,68439,Staplehurst,NE,0.002681159706040509
31338,68440,Steele City,NE,0.000585409571607815
31339,68441,Steinauer,NE,-0.0006987372647427848
31340,68442,Stella,NE,0.0006320260978670012
31341,68443,Sterling,NE,0.005637322817709268
31342,68444,Strang,NE,0.0006769494891557629
31343,68445,Swanton,NE,0.000801710031666368
31344,68446,Syracuse,NE,0.010515310987632195
31345,68447,Table Rock,NE,0.003885791718946049
31346,68448,Talmage,NE,0.0032392391468005015
31347,68450,Tecumseh,NE,0.009746354997908825
31348,68452,Ong,NE,0.0003671924478699887
31349,68453,Tobias,NE,0.0011835550457071165
31350,68454,Unadilla,NE,0.0039120292525542215
31351,68455,Union,NE,0.0019147698153791006
31352,68456,Utica,NE,0.007115993606978552
31353,68457,Verdon,NE,0.003565210228834319
31354,68458,Virginia,NE,0.0009723964868255963
31355,68460,Waco,NE,0.004879846089502302
31356,68461,Walton,NE,0.0
31357,68462,Waverly,NE,0.026164415367150622
31358,68463,Weeping Water,NE,0.010978372199318878
31359,68464,Western,NE,0.0026715988767401565
31360,68465,Wilber,NE,0.022818604265997494
31361,68466,Wymore,NE,0.011562999677361534
31362,68467,York,NE,0.06489042710163112
31364,68502,Lincoln,NE,0.13820288186353588
31365,68503,Lincoln,NE,0.04256915860070503
31366,68504,Lincoln,NE,0.06123803302563183
31367,68505,Lincoln,NE,0.11418049874529486
31368,68506,Lincoln,NE,0.1557432401266655
31369,68507,Lincoln,NE,0.10498403865686802
31370,68508,Lincoln,NE,0.009797690147577224
31372,68510,Lincoln,NE,0.14363439370854988
31373,68512,Lincoln,NE,0.07963119387435025
31374,68514,Lincoln,NE,-0.0023466624843161855
31375,68516,Lincoln,NE,0.23502319195495014
31376,68517,Lincoln,NE,0.0
31377,68520,Lincoln,NE,-0.0016524317380653647
31378,68521,Lincoln,NE,0.22660729274959673
31379,68522,Lincoln,NE,0.08576727602019477
31380,68523,Lincoln,NE,0.004788198713927228
31381,68524,Lincoln,NE,0.03730112889854813
31382,68526,Lincoln,NE,0.011917458325864853
31383,68527,Lincoln,NE,-0.004853050763278961
31384,68528,Lincoln,NE,0.04730977885821832
31386,68531,Lincoln,NE,1.1100705024795379e-05
31387,68532,Lincoln,NE,0.006121938855529666
31393,68601,Columbus,NE,0.20681499250761787
31395,68620,Albion,NE,0.016485566111011533
31396,68621,Ames,NE,0.0026056257632789625
31397,68622,Bartlett,NE,0.0020585561809165326
31398,68623,Belgrade,NE,0.0031455267252195737
31399,68624,Bellwood,NE,0.007290326725219573
31400,68626,Brainard,NE,0.003539314094521122
31401,68627,Cedar Rapids,NE,0.007194115193881819
31402,68628,Clarks,NE,0.0066343787715839155
31403,68629,Clarkson,NE,0.012307193642827272
31404,68631,Creston,NE,0.003297678293601003
31405,68632,David City,NE,0.024964201756587204
31406,68633,Dodge,NE,0.009273465973591445
31407,68634,Duncan,NE,0.005018402342116269
31408,68635,Dwight,NE,0.007211004696182113
31409,68636,Elgin,NE,0.009831810384178767
31410,68637,Ericson,NE,0.0027913007109995817
31411,68638,Fullerton,NE,0.011525781203321983
31412,68640,Genoa,NE,0.011355961522375573
31413,68641,Howells,NE,0.00824378920953576
31414,68642,Humphrey,NE,0.010645799032084605
31415,68643,Leigh,NE,0.0066742755571488335
31416,68644,Lindsay,NE,0.006624460775527275
31417,68647,Monroe,NE,0.003973456915815261
31418,68648,Morse Bluff,NE,0.0029917101481747037
31419,68649,North Bend,NE,0.006326296994682442
31420,68651,Osceola,NE,0.007459483252673718
31421,68652,Petersburg,NE,0.002040077050845433
31422,68653,Platte Center,NE,0.001218072581705204
31423,68654,Polk,NE,0.004087283503614746
31424,68655,Primrose,NE,0.00033948736332676117
31425,68658,Rising City,NE,0.008332933644022225
31426,68659,Rogers,NE,0.00025707115970604043
31427,68660,Saint Edward,NE,0.006972286072772899
31428,68661,Schuyler,NE,0.03884640473203082
31429,68662,Shelby,NE,0.01125862063691223
31430,68663,Silver Creek,NE,0.003473805490828703
31431,68664,Snyder,NE,0.0033095392005735797
31432,68665,Spalding,NE,0.00571205563721097
31433,68666,Stromsburg,NE,0.009164910103363807
31434,68667,Surprise,NE,0.001154675270359085
31435,68669,Ulysses,NE,0.0036269287357351973
31436,68701,Norfolk,NE,0.21632623609965942
31438,68710,Allen,NE,0.004156492158092848
31439,68711,Amelia,NE,0.004215077373483899
31440,68713,Atkinson,NE,0.017754083121228417
31441,68714,Bassett,NE,0.006602919041644262
31442,68715,Battle Creek,NE,0.009988652446675034
31443,68716,Beemer,NE,0.005033206524466751
31444,68717,Belden,NE,0.002563511979446735
31445,68718,Bloomfield,NE,0.00923386370317261
31446,68719,Bristow,NE,0.0002688404373543646
31447,68720,Brunswick,NE,0.0014704572145545795
31448,68722,Butte,NE,0.003439272271016312
31449,68723,Carroll,NE,0.0029277406703710346
31450,68724,Center,NE,0.0014383258648503314
31451,68725,Chambers,NE,0.002206266833960686
31452,68726,Clearwater,NE,0.003040383151102348
31453,68727,Coleridge,NE,0.00539766983330346
31454,68728,Concord,NE,0.00200175156838143
31455,68729,Creighton,NE,0.014745860070502482
31456,68730,Crofton,NE,0.011616248431618572
31457,68731,Dakota City,NE,0.02005455208818785
31458,68732,Dixon,NE,0.0014869092429945629
31459,68733,Emerson,NE,0.0078021845253032195
31460,68734,Emmet,NE,0.0
31461,68735,Ewing,NE,0.00528353348867778
31462,68736,Fordyce,NE,0.0025876385015235707
31465,68739,Hartington,NE,0.01950301669205951
31466,68740,Hoskins,NE,0.0061355749058971155
31467,68741,Hubbard,NE,0.00599854369958774
31468,68742,Inman,NE,0.0013057178705861263
31469,68743,Jackson,NE,0.006598292704785804
31470,68745,Laurel,NE,0.00911922686263966
31471,68746,Lynch,NE,0.0021150084244488253
31472,68747,Mclean,NE,0.0
31473,68748,Madison,NE,0.02805613550815558
31474,68749,Magnet,NE,0.0006204068829539342
31475,68751,Maskell,NE,0.0002670794347852064
31476,68752,Meadow Grove,NE,0.005247117165561333
31477,68753,Mills,NE,0.00031497580211507434
31478,68755,Naper,NE,0.001255374320368047
31479,68756,Neligh,NE,0.01090316486825596
31480,68757,Newcastle,NE,0.005399048776662484
31481,68758,Newman Grove,NE,0.006101733500627353
31482,68759,Newport,NE,0.0022165133536476067
31483,68760,Niobrara,NE,0.007847881938220709
31484,68761,Oakdale,NE,0.0022928541554639416
31485,68763,Oneill,NE,0.03069040222262054
31486,68764,Orchard,NE,0.005423098524227759
31487,68765,Osmond,NE,0.011188886897293422
31488,68766,Page,NE,0.0035335530620780316
31489,68767,Pierce,NE,0.021982121240365658
31490,68768,Pilger,NE,0.0020475963912290136
31491,68769,Plainview,NE,0.012915282308657466
31492,68770,Ponca,NE,0.009203028463882417
31493,68771,Randolph,NE,0.009370962538089266
31495,68773,Royal,NE,0.00020520896217960207
31496,68774,Saint Helena,NE,0.001972596092489694
31497,68776,South Sioux City,NE,0.08548965774332318
31498,68777,Spencer,NE,0.00502384032980821
31499,68778,Springview,NE,0.0027519369062556018
31500,68779,Stanton,NE,0.022081319949811797
31501,68780,Stuart,NE,0.0075930718766804095
31502,68781,Tilden,NE,0.008612251634104083
31504,68783,Verdigre,NE,0.005213708549919339
31505,68784,Wakefield,NE,0.015721546513712135
31506,68785,Waterbury,NE,0.0
31507,68786,Wausa,NE,0.009565740957160783
31508,68787,Wayne,NE,0.019042202545259006
31509,68788,West Point,NE,0.03259186234092131
31510,68789,Winnetoon,NE,0.0008259544721276217
31511,68790,Winside,NE,0.004916964402222622
31512,68791,Wisner,NE,0.013208100161319236
31513,68792,Wynot,NE,0.003916371661588099
31515,68801,Grand Island,NE,0.1997893249686324
31517,68803,Grand Island,NE,0.15703080234659736
31518,68810,Alda,NE,0.010088309284818069
31519,68812,Amherst,NE,0.003301240317858638
31520,68813,Anselmo,NE,0.0028754079464659134
31521,68814,Ansley,NE,0.00789810838262532
31522,68815,Arcadia,NE,0.0038746477863416382
31523,68816,Archer,NE,0.0017352137390213298
31524,68817,Ashton,NE,0.0031755515474696776
31525,68818,Aurora,NE,0.03065959641512816
31527,68820,Boelus,NE,0.0039974369510665
31528,68821,Brewster,NE,0.0005242045766863833
31529,68822,Broken Bow,NE,0.03172505612714346
31530,68823,Burwell,NE,0.01409768058791898
31531,68824,Cairo,NE,0.01095425554460178
31532,68825,Callaway,NE,0.0095985337874171
31533,68826,Central City,NE,0.032104046424090336
31534,68827,Chapman,NE,0.0027646133700782688
31535,68828,Comstock,NE,0.0018684780307104017
31536,68831,Dannebrog,NE,0.007053277917189461
31537,68832,Doniphan,NE,0.0145921816783175
31538,68833,Dunning,NE,0.005160691880265281
31539,68834,Eddyville,NE,0.0016200633327358549
31540,68835,Elba,NE,0.002876866075162813
31541,68836,Elm Creek,NE,0.01360166696540599
31542,68837,Elyria,NE,0.0008061771404672285
31543,68838,Farwell,NE,0.003448539052697616
31544,68840,Gibbon,NE,0.020863099623588458
31545,68841,Giltner,NE,0.004150715038537374
31546,68842,Greeley,NE,0.003960635119794467
31547,68843,Hampton,NE,0.004557255207026349
31548,68844,Hazard,NE,0.0008031615701738663
31549,68845,Kearney,NE,0.11848928983688832
31550,68846,Hordville,NE,0.0026689034683635058
31551,68847,Kearney,NE,0.10811869988647906
31553,68849,Kearney,NE,0.0
31554,68850,Lexington,NE,0.08154297185875604
31555,68852,Litchfield,NE,0.0026142046961821117
31556,68853,Loup City,NE,0.01202115647965585
31557,68854,Marquette,NE,0.003396989969827328
31558,68855,Mason City,NE,0.002079046424090339
31559,68856,Merna,NE,0.0034468607755272756
31560,68858,Miller,NE,0.0012026348808030112
31561,68859,North Loup,NE,0.00365433016669654
31562,68860,Oconto,NE,0.0018222917607695521
31563,68861,Odessa,NE,0.0
31564,68862,Ord,NE,0.01817023244309016
31565,68863,Overton,NE,0.007730433506602138
31566,68864,Palmer,NE,0.006917769707832946
31567,68865,Phillips,NE,0.007275734338591146
31568,68866,Pleasanton,NE,0.006075957602915696
31570,68869,Ravenna,NE,0.013377322698213541
31571,68870,Riverdale,NE,0.0024524695465137124
31572,68871,Rockville,NE,0.0025089093146919996
31573,68872,Saint Libory,NE,0.007861119824341279
31574,68873,Saint Paul,NE,0.021148883183963674
31575,68874,Sargent,NE,0.004768040485152655
31576,68875,Scotia,NE,0.005607392311943598
31577,68876,Shelton,NE,0.012034799247176913
31578,68878,Sumner,NE,0.0027832944972217247
31579,68879,Taylor,NE,0.0029358544542032617
31581,68881,Westerville,NE,0.00014659437175120992
31582,68882,Wolbach,NE,0.0019853020254525897
31583,68883,Wood River,NE,0.018922645187309555
31584,68901,Hastings,NE,0.16569950050785684
31586,68920,Alma,NE,0.011846599223277765
31587,68922,Arapahoe,NE,0.005938285618689133
31588,68923,Atlanta,NE,0.0004610588755451993
31589,68924,Axtell,NE,0.007140674027603515
31590,68925,Ayr,NE,0.005486825548186653
31591,68926,Beaver City,NE,0.0015436283204875421
31592,68927,Bertrand,NE,0.0078530917846687
31593,68928,Bladen,NE,0.0029758319890063924
31594,68929,Bloomington,NE,0.0016166636792734656
31595,68930,Blue Hill,NE,0.009945723439087052
31596,68932,Campbell,NE,0.00287644873035789
31597,68933,Clay Center,NE,0.005695362370795244
31598,68934,Deweese,NE,0.0003889585947302385
31599,68935,Edgar,NE,0.005427261755392245
31600,68936,Edison,NE,0.0035787054310808383
31601,68937,Elwood,NE,0.011507019418055806
31602,68938,Fairfield,NE,0.0033869941088606084
31603,68939,Franklin,NE,0.007773438202784249
31604,68940,Funk,NE,0.0028483792794407607
31605,68941,Glenvil,NE,0.004548005018820577
31606,68942,Guide Rock,NE,0.0016810131325805102
31607,68943,Hardy,NE,0.0016894920236601536
31608,68944,Harvard,NE,0.008525722769910976
31609,68945,Heartwell,NE,0.0005484405807492384
31610,68946,Hendley,NE,0.0002475055266774213
31611,68947,Hildreth,NE,0.0030153636135508166
31612,68948,Holbrook,NE,0.0016098763219214913
31613,68949,Holdrege,NE,0.04914822622931231
31614,68950,Holstein,NE,0.005490361235585827
31615,68952,Inavale,NE,0.000542274218796678
31616,68954,Inland,NE,0.0
31617,68955,Juniata,NE,0.020546386747923764
31618,68956,Kenesaw,NE,0.013382770388958593
31619,68957,Lawrence,NE,0.003132438382027842
31620,68958,Loomis,NE,0.005138985481269045
31621,68959,Minden,NE,0.02881159882894187
31622,68960,Naponee,NE,0.0007572145545796737
31623,68961,Nelson,NE,0.004035854119615224
31625,68964,Oak,NE,0.0007572145545796737
31626,68966,Orleans,NE,0.0073942651610204935
31627,68967,Oxford,NE,0.006518510127262949
31628,68969,Ragan,NE,0.0005726170281412441
31629,68970,Red Cloud,NE,0.010613309242994563
31630,68971,Republican City,NE,0.0008416323116448586
31631,68972,Riverton,NE,0.0006716548246400191
31632,68973,Roseland,NE,0.0024928185696361355
31633,68974,Ruskin,NE,0.0018935245025990326
31634,68975,Saronville,NE,0.0008971260321443509
31635,68976,Smithfield,NE,0.00044277970962538116
31636,68977,Stamford,NE,0.001122035012248312
31637,68978,Superior,NE,0.01165318329449722
31638,68979,Sutton,NE,0.015672294461373006
31639,68980,Trumbull,NE,0.0027425193403835813
31640,68981,Upland,NE,0.002406657776184501
31641,68982,Wilcox,NE,0.005717147971560017
31642,69001,McCook,NE,0.051311359359502894
31643,69020,Bartley,NE,0.00588231754794766
31644,69021,Benkelman,NE,0.01122205205233913
31645,69022,Cambridge,NE,0.010566739559060765
31646,69023,Champion,NE,0.00547055625261397
31647,69024,Culbertson,NE,0.007708435131744041
31648,69025,Curtis,NE,0.00796812676106829
31649,69026,Danbury,NE,0.0009892573340503075
31650,69027,Enders,NE,0.0
31651,69028,Eustis,NE,0.004460207922566769
31652,69029,Farnam,NE,0.001654418354543825
31653,69030,Haigler,NE,0.00091629324251658
31655,69032,Hayes Center,NE,0.0019242158092848184
31656,69033,Imperial,NE,0.012824643842982616
31657,69034,Indianola,NE,0.008425334098105995
31658,69036,Lebanon,NE,0.0005226265161020492
31659,69037,Max,NE,0.0
31660,69038,Maywood,NE,0.004103326330883672
31661,69039,Moorefield,NE,0.0
31662,69040,Palisade,NE,0.0034017386628428037
31663,69041,Parks,NE,0.0010074983569337394
31664,69042,Stockville,NE,9.879858995040928e-05
31665,69043,Stratton,NE,0.003899731134611939
31666,69044,Trenton,NE,0.0035042090936249024
31667,69045,Wauneta,NE,0.0052446110055565515
31668,69046,Wilsonville,NE,0.0008452817111788255
31669,69101,North Platte,NE,0.14925583000537734
31671,69120,Arnold,NE,0.008697932723905122
31672,69121,Arthur,NE,0.002394871530142797
31673,69122,Big Springs,NE,0.003484751436936129
31674,69123,Brady,NE,0.007040928051622156
31675,69125,Broadwater,NE,0.0012604937085499194
31676,69127,Brule,NE,0.0065495347314333515
31677,69128,Bushnell,NE,0.00101650518013981
31678,69129,Chappell,NE,0.008426860488737526
31679,69130,Cozad,NE,0.029242361952560192
31680,69131,Dalton,NE,0.0047289956384059285
31681,69132,Dickens,NE,-0.0004845253032204085
31682,69133,Dix,NE,0.001726177690147577
31683,69134,Elsie,NE,0.003412754304833603
31684,69135,Elsmere,NE,0.0001566058433411006
31685,69138,Gothenburg,NE,0.022394110055565516
31686,69140,Grant,NE,0.010752679739499314
31687,69141,Gurley,NE,0.002469201171058135
31688,69142,Halsey,NE,0.0
31689,69143,Hershey,NE,0.011938547840114716
31690,69144,Keystone,NE,0.0
31691,69145,Kimball,NE,0.020434993726474275
31692,69146,Lemoyne,NE,0.0003369057537193045
31693,69147,Lewellen,NE,0.005949542928840293
31694,69148,Lisco,NE,0.0003690574654956085
31695,69149,Lodgepole,NE,0.005055148831929259
31696,69150,Madrid,NE,0.0009663500029873934
31697,69151,Maxwell,NE,0.010605269761606024
31698,69152,Mullen,NE,0.003299149763995937
31699,69153,Ogallala,NE,0.04215189527394395
31700,69154,Oshkosh,NE,0.007956819023719903
31701,69155,Paxton,NE,0.010672764796558524
31702,69156,Potter,NE,0.00848276795124574
31703,69157,Purdum,NE,9.057776184501405e-05
31705,69161,Seneca,NE,0.00025876121168668217
31706,69162,Sidney,NE,0.051839337515683814
31707,69163,Stapleton,NE,0.005713910019716796
31708,69165,Sutherland,NE,0.008790463237139274
31709,69166,Thedford,NE,0.002113325972396487
31710,69167,Tryon,NE,0.003892274601183008
31711,69168,Venango,NE,0.0010967864491844418
31712,69169,Wallace,NE,0.003365849363685249
31713,69170,Wellfleet,NE,0.002243009499910378
31714,69171,Willow Island,NE,0.0
31716,69201,Valentine,NE,0.022022938399952195
31717,69210,Ainsworth,NE,0.02148868972934218
31718,69211,Cody,NE,0.0032371995459162333
31719,69212,Crookston,NE,0.0008317651908944252
31720,69214,Johnstown,NE,0.0006760971500268864
31721,69216,Kilgore,NE,0.0006278237677003047
31722,69217,Long Pine,NE,0.0008803745474099301
31723,69218,Merriman,NE,0.0008201293421760174
31724,69219,Nenzel,NE,-2.5495441237975603e-05
31725,69220,Sparks,NE,8.667921371810959e-05
31726,69221,Wood Lake,NE,0.001715708191432156
31727,69301,Alliance,NE,0.05416137264742787
31728,69331,Angora,NE,0.0
31729,69333,Ashby,NE,0.0008146621258290019
31730,69334,Bayard,NE,0.013673966230507258
31731,69335,Bingham,NE,6.89357949453307e-05
31732,69336,Bridgeport,NE,0.02109011115492621
31733,69337,Chadron,NE,0.03190855809284818
31734,69339,Crawford,NE,0.007633387871183605
31735,69340,Ellsworth,NE,0.0
31736,69341,Gering,NE,0.06445871828882117
31737,69343,Gordon,NE,0.017068072510007765
31738,69345,Harrisburg,NE,0.004425635275138913
31739,69346,Harrison,NE,0.0028818864790583734
31740,69347,Hay Springs,NE,0.009035805221963315
31741,69348,Hemingford,NE,0.007196182111489515
31743,69350,Hyannis,NE,0.003332741781681305
31744,69351,Lakeside,NE,0.002494748306148055
31745,69352,Lyman,NE,0.005030068112564976
31746,69353,Mcgrew,NE,0.0
31747,69354,Marsland,NE,0.0
31748,69355,Melbeta,NE,0.0005482912110892035
31749,69356,Minatare,NE,0.01261024140526976
31750,69357,Mitchell,NE,0.03148801343131983
31751,69358,Morrill,NE,0.015233649280038238
31752,69360,Rushville,NE,0.004602751365238692
31753,69361,Scottsbluff,NE,0.09958310593296289
31755,69365,Whiteclay,NE,0.0
31756,69366,Whitman,NE,0.001900483814303638
31757,69367,Whitney,NE,0.0007763039971321025
37463,82082,Pine Bluffs,NE,0.006842470442731671
31127,68009,Blair,NE,0.0
31139,68026,Fremont,NE,0.0
31144,68032,Linwood,NE,0.0
31147,68035,Leshara,NE,0.0
31161,68054,Richfield,NE,0.0
31163,68056,St Columbans,NE,0.0
31180,68101,Omaha,NE,0.0
31182,68103,Omaha,NE,0.0
31188,68109,Omaha,NE,0.0
31197,68119,Omaha,NE,0.0
31198,68120,Omaha,NE,0.0
31213,68139,Omaha,NE,0.0
31216,68145,Omaha,NE,0.0
31220,68155,Omaha,NE,0.0
31223,68172,Omaha,NE,0.0
31224,68175,Omaha,NE,0.0
31225,68176,Omaha,NE,0.0
31227,68179,Omaha,NE,0.0
31228,68180,Omaha,NE,0.0
31229,68181,Omaha,NE,0.0
31230,68182,Omaha,NE,0.0
31231,68183,Omaha,NE,0.0
31232,68197,Omaha,NE,0.0
31233,68198,Omaha,NE,0.0
31234,68226,Central City,NE,0.0
31235,68278,Omaha,NE,0.0
31260,68330,Cordova,NE,0.0
31298,68374,Holmesville,NE,0.0
31329,68429,Reynolds,NE,0.0
31363,68501,Lincoln,NE,0.0
31371,68509,Lincoln,NE,0.0
31385,68529,Lincoln,NE,0.0
31388,68542,Lincoln,NE,0.0
31389,68544,Lincoln,NE,0.0
31390,68572,Lincoln,NE,0.0
31391,68583,Lincoln,NE,0.0
31392,68588,Lincoln,NE,0.0
31394,68602,Columbus,NE,0.0
31437,68702,Norfolk,NE,0.0
31463,68737,Foster,NE,0.0
31464,68738,Hadar,NE,0.0
31494,68772,Rose,NE,0.0
31503,68782,Verdel,NE,0.0
31514,68797,Sutton,NE,0.0
31516,68802,Grand Island,NE,0.0
31526,68819,Berwyn,NE,0.0
31552,68848,Kearney,NE,0.0
31569,68868,Martin,NE,0.0
31580,68880,Weissert,NE,0.0
31585,68902,Hastings,NE,0.0
31624,68963,Norman,NE,0.0
31654,69031,Hamlet,NE,0.0
31670,69103,North Platte,NE,0.0
31704,69160,Sidney,NE,0.0
31715,69190,Oshkosh,NE,0.0
31742,69349,Henry,NE,0.0
31754,69363,Scottsbluff,NE,0.0
